,Wh (FT2),Wh (FT2),Wh (FT2),Wh (FT2),Wh (FT2),Wh (FT2),Wh (FT2),Wh (FT2),Tailpipe CO2 (FT2),Tailpipe CO2 (FT2),Tailpipe CO2 (FT2),Tailpipe CO2 (FT2),Tailpipe CO2 (FT2),Tailpipe CO2 (FT2),Tailpipe CO2 (FT2),Tailpipe CO2 (FT2)
,count,mean,std,min,25%,50%,75%,max,count,mean,std,min,25%,50%,75%,max
Fuel Type 2,,,,,,,,,,,,,,,,
E85,1345.0,0.0,0.0,0.0,0.0,0.0,0.0,0.0,1345.0,1025677.4291355874,839005.3499857832,270.0,491.0,1361563.760480001,1741643.3847272734,2469219.4877777766
Electricity,65.0,426042.29592181207,296895.7478689215,25042.689,52889.97420000001,491856.5324842104,602634.6369473687,962163.7844651161,65.0,0.0,0.0,0.0,0.0,0.0,0.0,0.0
Natural Gas,20.0,0.0,0.0,0.0,0.0,0.0,0.0,0.0,20.0,42490.15181328566,11416.637787261734,25179.01761181463,29873.21984153205,49229.66160000001,51950.51583099174,54829.53560700001
Propane,8.0,0.0,0.0,0.0,0.0,0.0,0.0,0.0,8.0,2093136.3448140526,33685.157273542,2061626.7654297552,2061626.7654297552,2093136.3448140528,2124645.9241983504,2124645.9241983504
